{"Ro":{"Aco000001":425.356,"Aco000002":97.0152,"Aco000003":6.18318,"Aco000005":0.0,"Aco000006":0.0,"Aco000007":14.613,"Aco000008":0.0,"Aco000009":0.0,"Aco000010":0.0,"Aco000011":1.93896,"Aco000012":11.1821,"Aco000013":0.493747,"Aco000014":50.8457,"Aco000015":12.8205,"Aco000017":20.3473,"Aco000018":12.7465,"Aco000020":0.0,"Aco000023":214.534,"Aco000024":21.9598,"Aco000025":5.45403,"Aco000026":5.57257,"Aco000027":24.4071,"Aco000028":0.0},"Le":{"Aco000001":379.867,"Aco000002":52.8687,"Aco000003":3.67499,"Aco000005":0.0,"Aco000006":0.0,"Aco000007":3.56464,"Aco000008":0.0,"Aco000009":0.0,"Aco000010":0.0,"Aco000011":9.15977,"Aco000012":5.87464,"Aco000013":0.0,"Aco000014":0.694564,"Aco000015":29.7871,"Aco000017":13.9788,"Aco000018":15.4333,"Aco000020":0.0,"Aco000023":16.2387,"Aco000024":0.0,"Aco000025":8.31258,"Aco000026":19.0144,"Aco000027":7.43517,"Aco000028":0.0},"Fl":{"Aco000001":380.272,"Aco000002":56.0615,"Aco000003":3.32622,"Aco000005":0.0,"Aco000006":0.0,"Aco000007":4.73496,"Aco000008":0.0,"Aco000009":0.0,"Aco000010":0.0,"Aco000011":9.73438,"Aco000012":7.16212,"Aco000013":0.0,"Aco000014":0.570286,"Aco000015":33.5045,"Aco000017":15.9302,"Aco000018":19.0958,"Aco000020":0.0,"Aco000023":16.6363,"Aco000024":0.287247,"Aco000025":13.3262,"Aco000026":14.629,"Aco000027":9.41593,"Aco000028":0.0}}